{
    "name": "ai03 Orbit",
    "vendorId": "0xA103",
    "productId": "0x0003",
    "lighting": "none",
    "matrix": { "rows": 10, "cols": 7 },
    "layouts": {
        "keymap": [
            {
                "name": "Orbit",
                "author": "ai03"
            },
            [
                {
                    "x": 4
                },
                "0,4",
                {
                    "x": 6.5
                },
                "5,2"
            ],
            [
                {
                    "y": -0.87,
                    "x": 3
                },
                "0,3",
                {
                    "x": 1
                },
                "0,5",
                {
                    "x": 4.5
                },
                "5,1",
                {
                    "x": 1
                },
                "5,3"
            ],
            [
                {
                    "y": -0.8799999999999999,
                    "x": 6
                },
                "0,6",
                {
                    "x": 2.5
                },
                "5,0"
            ],
            [
                {
                    "y": -0.87,
                    "x": 1
                },
                "0,1",
                "0,2",
                {
                    "x": 10.5
                },
                "5,4",
                "5,5"
            ],
            [
                {
                    "y": -0.7499999999999999
                },
                "0,0",
                {
                    "x": 14.5
                },
                "5,6"
            ],
            [
                {
                    "y": -0.6299999999999999,
                    "x": 4
                },
                "1,4",
                {
                    "x": 6.5
                },
                "6,2"
            ],
            [
                {
                    "y": -0.8700000000000001,
                    "x": 3
                },
                "1,3",
                {
                    "x": 1
                },
                "1,5",
                {
                    "x": 4.5
                },
                "6,1",
                {
                    "x": 1
                },
                "6,3"
            ],
            [
                {
                    "y": -0.8799999999999999,
                    "x": 6
                },
                "1,6",
                {
                    "x": 2.5
                },
                "6,0"
            ],
            [
                {
                    "y": -0.8700000000000001,
                    "x": 1
                },
                "1,1",
                "1,2",
                {
                    "x": 10.5
                },
                "6,4",
                "6,5"
            ],
            [
                {
                    "y": -0.75
                },
                "1,0",
                {
                    "x": 14.5
                },
                "6,6"
            ],
            [
                {
                    "y": -0.6299999999999999,
                    "x": 4
                },
                "2,4",
                {
                    "x": 6.5
                },
                "7,2"
            ],
            [
                {
                    "y": -0.8700000000000001,
                    "x": 3
                },
                "2,3",
                {
                    "x": 1
                },
                "2,5",
                {
                    "x": 4.5
                },
                "7,1",
                {
                    "x": 1
                },
                "7,3"
            ],
            [
                {
                    "y": -0.8799999999999999,
                    "x": 6
                },
                "2,6",
                {
                    "x": 2.5
                },
                "7,0"
            ],
            [
                {
                    "y": -0.8700000000000001,
                    "x": 1
                },
                "2,1",
                "2,2",
                {
                    "x": 10.5
                },
                "7,4",
                "7,5"
            ],
            [
                {
                    "y": -0.75
                },
                "2,0",
                {
                    "x": 14.5
                },
                "7,6"
            ],
            [
                {
                    "y": -0.6299999999999999,
                    "x": 4
                },
                "3,4",
                {
                    "x": 6.5
                },
                "8,2"
            ],
            [
                {
                    "y": -0.8700000000000001,
                    "x": 3
                },
                "3,3",
                {
                    "x": 1
                },
                "3,5",
                {
                    "x": 4.5
                },
                "8,1",
                {
                    "x": 1
                },
                "8,3"
            ],
            [
                {
                    "y": -0.8799999999999999,
                    "x": 6
                },
                "3,6",
                {
                    "x": 2.5
                },
                "8,0"
            ],
            [
                {
                    "y": -0.8700000000000001,
                    "x": 1
                },
                "3,1",
                "3,2",
                {
                    "x": 10.5
                },
                "8,4",
                "8,5"
            ],
            [
                {
                    "y": -0.75
                },
                "3,0",
                {
                    "x": 14.5
                },
                "8,6"
            ],
            [
                {
                    "y": -0.6299999999999999,
                    "x": 4
                },
                "4,4",
                {
                    "x": 6.5
                },
                "9,2"
            ],
            [
                {
                    "y": -0.6200000000000001,
                    "x": 1
                },
                "4,1",
                "4,2",
                {
                    "x": 10.5
                },
                "9,4",
                "9,5"
            ],
            [
                {
                    "rx": 3,
                    "ry": 5,
                    "y": -0.8700000000000001
                },
                "4,3"
            ],
            [
                {
                    "rx": 13.75,
                    "y": -0.8700000000000001,
                    "x": -1.25
                },
                "9,3"
            ],
            [
                {
                    "r": 18,
                    "rx": 5.95,
                    "ry": 4.8,
                    "y": -0.5,
                    "x": -0.5
                },
                "4,5"
            ],
            [
                {
                    "r": 60,
                    "rx": 9.45,
                    "ry": 5.1,
                    "y": -0.5,
                    "x": -0.75,
                    "w": 1.5
                },
                "9,0"
            ],
            [
                {
                    "r": -60,
                    "rx": 7.05,
                    "y": -0.5,
                    "x": -0.75,
                    "w": 1.5
                },
                "4,6"
            ],
            [
                {
                    "r": -18,
                    "rx": 10.55,
                    "ry": 4.8,
                    "y": -0.5,
                    "x": -0.5
                },
                "9,1"
            ]
        ]
    }
}
